file,category,width,height,extension,bytes,sha1,duplicate_group
001.png,unknown_numeric_other,128,128,.png,8069,1d843463a0a607e2d4fe331e046691344a21e350,001.png;001_ff3e89.png;001_ff3e892f.png
001_48246d.png,unknown_numeric_other,26,57,.png,2625,45b4ae1cd9864f8fc28e9644dcde43ada854809a,001_48246d.png;001_48246dce.png
001_48246dce.png,unknown_numeric_other,26,57,.png,2625,45b4ae1cd9864f8fc28e9644dcde43ada854809a,001_48246d.png;001_48246dce.png
001_7d71cf.png,unknown_numeric_other,42,42,.png,5385,ea80a8a39ecdb3ff81a40893466424e05fb77084,001_7d71cf.png;001_7d71cfe3.png
001_7d71cfe3.png,unknown_numeric_other,42,42,.png,5385,ea80a8a39ecdb3ff81a40893466424e05fb77084,001_7d71cf.png;001_7d71cfe3.png
001_ff3e89.png,unknown_numeric_other,128,128,.png,8069,1d843463a0a607e2d4fe331e046691344a21e350,001.png;001_ff3e89.png;001_ff3e892f.png
001_ff3e892f.png,unknown_numeric_other,128,128,.png,8069,1d843463a0a607e2d4fe331e046691344a21e350,001.png;001_ff3e89.png;001_ff3e892f.png
002.png,unknown_numeric_other,128,128,.png,7966,384f33f99d1855259aaf08a824c3cb8c83345a2c,002.png;002_a56182.png;002_a5618272.png
002_a56182.png,unknown_numeric_other,128,128,.png,7966,384f33f99d1855259aaf08a824c3cb8c83345a2c,002.png;002_a56182.png;002_a5618272.png
002_a5618272.png,unknown_numeric_other,128,128,.png,7966,384f33f99d1855259aaf08a824c3cb8c83345a2c,002.png;002_a56182.png;002_a5618272.png
002_dbecfa.png,unknown_numeric_other,26,57,.png,2595,c492b5ca01a9a44ef0c3c1d882a986c0c37a0078,002_dbecfa.png;002_dbecfa5f.png
002_dbecfa5f.png,unknown_numeric_other,26,57,.png,2595,c492b5ca01a9a44ef0c3c1d882a986c0c37a0078,002_dbecfa.png;002_dbecfa5f.png
003.png,unknown_numeric_other,42,42,.png,4528,3ef4e7118a82d555ef43e7896c92e5cec6105b25,003.png;003_a9044e.png;003_a9044e44.png
003_6159eb.png,unknown_numeric_other,128,128,.png,7732,5fc937bd3daa9b230ec83dc4d2c65f37c18eb2cb,003_6159eb.png;003_6159eb61.png
003_6159eb61.png,unknown_numeric_other,128,128,.png,7732,5fc937bd3daa9b230ec83dc4d2c65f37c18eb2cb,003_6159eb.png;003_6159eb61.png
003_a9044e.png,unknown_numeric_other,42,42,.png,4528,3ef4e7118a82d555ef43e7896c92e5cec6105b25,003.png;003_a9044e.png;003_a9044e44.png
003_a9044e44.png,unknown_numeric_other,42,42,.png,4528,3ef4e7118a82d555ef43e7896c92e5cec6105b25,003.png;003_a9044e.png;003_a9044e44.png
003_de25d1.png,unknown_numeric_other,26,57,.png,2777,3e240a5111025acde08318781821918a4b92338c,003_de25d1.png;003_de25d11d.png
003_de25d11d.png,unknown_numeric_other,26,57,.png,2777,3e240a5111025acde08318781821918a4b92338c,003_de25d1.png;003_de25d11d.png
004.png,unknown_numeric_other,1250,720,.png,1027044,e92b0b01d78b367eac362967ec4d17765996a6a9,004.png;004_d356ce.png;004_d356ce55.png
004_20cf7a.png,tiny_icons,32,32,.png,1497,8c3ecd6ad032702d7ac7b35faa1f7b28e55dcbb6,004_20cf7a.png;004_20cf7a64.png
004_20cf7a64.png,tiny_icons,32,32,.png,1497,8c3ecd6ad032702d7ac7b35faa1f7b28e55dcbb6,004_20cf7a.png;004_20cf7a64.png
004_921e15.png,unknown_numeric_other,26,57,.png,3159,6125d99e118c1c3f82d25de5bc27d43e32979816,004_921e15.png;004_921e15d8.png
004_921e15d8.png,unknown_numeric_other,26,57,.png,3159,6125d99e118c1c3f82d25de5bc27d43e32979816,004_921e15.png;004_921e15d8.png
004_d356ce.png,unknown_numeric_other,1250,720,.png,1027044,e92b0b01d78b367eac362967ec4d17765996a6a9,004.png;004_d356ce.png;004_d356ce55.png
004_d356ce55.png,unknown_numeric_other,1250,720,.png,1027044,e92b0b01d78b367eac362967ec4d17765996a6a9,004.png;004_d356ce.png;004_d356ce55.png
004_da85d9.png,unknown_numeric_other,128,128,.png,6789,ad411e3ec1cf07c8cee43bd1d85551e84ff3c265,004_da85d9.png;004_da85d9ee.png
004_da85d9ee.png,unknown_numeric_other,128,128,.png,6789,ad411e3ec1cf07c8cee43bd1d85551e84ff3c265,004_da85d9.png;004_da85d9ee.png
005.png,unknown_numeric_other,128,128,.png,7600,5020d002071539c5b3bc5d2cc8ffd17b6c1cf508,005.png;005_ae1607.png;005_ae160730.png
005_ae1607.png,unknown_numeric_other,128,128,.png,7600,5020d002071539c5b3bc5d2cc8ffd17b6c1cf508,005.png;005_ae1607.png;005_ae160730.png
005_ae160730.png,unknown_numeric_other,128,128,.png,7600,5020d002071539c5b3bc5d2cc8ffd17b6c1cf508,005.png;005_ae1607.png;005_ae160730.png
005_de8b5d.png,unknown_numeric_other,26,57,.png,2744,0f245ff522a8b892ea7647dcda0071896cde274c,005_de8b5d.png;005_de8b5d62.png
005_de8b5d62.png,unknown_numeric_other,26,57,.png,2744,0f245ff522a8b892ea7647dcda0071896cde274c,005_de8b5d.png;005_de8b5d62.png
006.png,unknown_numeric_other,128,128,.png,6065,3b49b58984d358c651ffa6186cf908fb13878db9,006.png;006_5a0fc4.png;006_5a0fc4a8.png
006_5a0fc4.png,unknown_numeric_other,128,128,.png,6065,3b49b58984d358c651ffa6186cf908fb13878db9,006.png;006_5a0fc4.png;006_5a0fc4a8.png
006_5a0fc4a8.png,unknown_numeric_other,128,128,.png,6065,3b49b58984d358c651ffa6186cf908fb13878db9,006.png;006_5a0fc4.png;006_5a0fc4a8.png
006_eff157.png,unknown_numeric_other,26,57,.png,3445,5b9d9d0f33f4c72364908357d87465a27a616b0a,006_eff157.png;006_eff15778.png
006_eff15778.png,unknown_numeric_other,26,57,.png,3445,5b9d9d0f33f4c72364908357d87465a27a616b0a,006_eff157.png;006_eff15778.png
03.png,unknown_numeric_other,480,4080,.png,1025643,49a7d582c2627c72501612450638d0f919a3634b,03.png;03_47b2e2.png;03_47b2e233.png
03_47b2e2.png,unknown_numeric_other,480,4080,.png,1025643,49a7d582c2627c72501612450638d0f919a3634b,03.png;03_47b2e2.png;03_47b2e233.png
03_47b2e233.png,unknown_numeric_other,480,4080,.png,1025643,49a7d582c2627c72501612450638d0f919a3634b,03.png;03_47b2e2.png;03_47b2e233.png
1.gif,animated_gif,16,16,.gif,771,942d8fe092c1c473af19906751c2bee5322a9b55,
1.png,unknown_numeric_other,120,124,.png,18593,9ca1f8ec1a95baa23de8f7f0f1b2cccf62795940,1.png;1_e18b44.png;1_e18b4431.png
10.png,unknown_numeric_other,96,40,.png,3795,ab97687269aee736a20dc66d7a3a90fd8ac5ef3c,
1001.png,items_60x60_numeric,60,60,.png,10493,b8bf4fed88dc91013d62db8957ac853a39ea8210,
1002.png,items_60x60_numeric,60,60,.png,7602,1f876d63d423097f6042edce9cfcd7c8a4707682,
1003.png,items_60x60_numeric,60,60,.png,11437,d35603e5cc254f9de099b9395e26311bbec1024a,
1005.png,items_60x60_numeric,60,60,.png,12460,c6b193e24f29d28485b5ad6f82f368924eea18a7,
1017.png,items_60x60_numeric,60,60,.png,9898,f5e5cfc5a79312c064ed54873c1e43a015a81f6e,
1018.png,items_60x60_numeric,60,60,.png,11199,64821b27f4ce551bc374fe2905f064da8f331d24,
1019.png,items_60x60_numeric,60,60,.png,7916,0d749e11f875c931dfd01377f1ff66eac95a5282,
1021.png,items_60x60_numeric,60,60,.png,9577,df998a9b4559b1057209dfdba2d9a1d43c134795,
1024.png,items_60x60_numeric,60,60,.png,9304,eb15c97311a1fb0a3944a38f280d473714277649,
1025.png,items_60x60_numeric,60,60,.png,9170,a4213ada95f96a6228a198af9afa9ef992b1e7f8,
1028.png,items_60x60_numeric,60,60,.png,10453,e0191d41a1489759f9b4f8b37e2f1906c0df0531,
1031.png,items_60x60_numeric,60,60,.png,11790,f87bf0b0eeb6fc22cc83d63e61cbfa3d7fc0c12e,
1040.png,items_60x60_numeric,60,60,.png,11843,aaaa22dc983592c6445b772d258a21bf577965d1,
1042.png,items_60x60_numeric,60,60,.png,9159,4940389fe2f280608a220c43e3d7ef00ffb4f429,
1066.png,items_60x60_numeric,60,60,.png,11041,8dcf6410b52356a8b77be641da6ee979717e8779,
1074.png,items_60x60_numeric,60,60,.png,12033,de50582f177730cab43308820697e09b5b9fc7cd,
1075.png,items_60x60_numeric,60,60,.png,11407,1b45a98ccce0ac544e754a7de5d809dd0af8da1f,
1099.png,items_60x60_numeric,60,60,.png,11908,d7074d5d7a3a0fafb61bd9b4fc245a487a6ee248,
11.png,unknown_numeric_other,120,124,.png,46180,0968f96c661c8e819c8893bc7e699ebc3e3f17c5,11.png;11_b45d41.png;11_b45d4170.png
1100.png,items_60x60_numeric,60,60,.png,8462,e6e3c8239f276610a6b371050bfedfe4b20fb647,
1152.png,items_60x60_numeric,60,60,.png,11054,c9cccfcdc4fea2fa34f4eeb924db0c21509f7966,
1183.png,items_60x60_numeric,60,60,.png,5934,659412d5e6793608f5b672127a0f1ca2fa633579,
11_b45d41.png,unknown_numeric_other,120,124,.png,46180,0968f96c661c8e819c8893bc7e699ebc3e3f17c5,11.png;11_b45d41.png;11_b45d4170.png
11_b45d4170.png,unknown_numeric_other,120,124,.png,46180,0968f96c661c8e819c8893bc7e699ebc3e3f17c5,11.png;11_b45d41.png;11_b45d4170.png
11_f6db48.png,unknown_numeric_other,96,40,.png,3372,bf4c55eac6b201c0a06e59ea966b89323cf38c03,
12.png,unknown_numeric_other,120,124,.png,46934,82e21dede05d3ed9bc17ef669bea0efd0a3b16c3,12.png;12_0e7420.png;12_0e742088.png
1202.png,items_60x60_numeric,60,60,.png,11179,85f468e78a967561452dbb4567b1a640be6f3ad9,
1205.png,items_60x60_numeric,60,60,.png,12490,27a7f4bd3baac32dbac9594a49fdc783e8f79973,
1214.png,items_60x60_numeric,60,60,.png,10236,31defc9e885659f946359d7f7dc59fa317f3a163,
1222.png,items_60x60_numeric,60,60,.png,8000,fb92f18e5ec7f7278994fd74b382cb972f7f9eb8,
1224.png,items_60x60_numeric,60,60,.png,8157,b81cbfb071c1fd5fe5a7dbd43a2d3b2757de0170,
1225.png,items_60x60_numeric,60,60,.png,11854,5de425bce48ca2f9f24a84b939c385972b060bf7,
1266.png,items_60x60_numeric,60,60,.png,10198,9c0bf00d3a43dc91a878efd5b6e8fe6ddf07b009,
1269.png,items_60x60_numeric,60,60,.png,8910,f988267d548903d2bbaa332cdf97681dda5e3c3b,
1270.png,items_60x60_numeric,60,60,.png,9081,cce029adf93fda5b1e67c82c6aee7800eed12a9c,
1271.png,items_60x60_numeric,60,60,.png,11822,e600505fa849d88261cbf9bb4082f70b8c6b3ff9,
12738286.webp,webp_misc,128,128,.webp,76272,2044679bb5f27c5142d6618dfe42186ab1fc1444,
1278.png,items_60x60_numeric,60,60,.png,8029,e0d0c5fdfbc5aeda7c2a99b9823bb95fa428db01,
1282.png,items_60x60_numeric,60,60,.png,11683,68f57ab07006e7cea32d2a30924fcf821fb1ea94,
1294.png,items_60x60_numeric,60,60,.png,10307,618f2026056b2f8705de3a012cc9f18e40e99222,
1297.png,items_60x60_numeric,60,60,.png,9704,8176a5be4a6de9f5f81a2380f8901995f511219d,
12_0e7420.png,unknown_numeric_other,120,124,.png,46934,82e21dede05d3ed9bc17ef669bea0efd0a3b16c3,12.png;12_0e7420.png;12_0e742088.png
12_0e742088.png,unknown_numeric_other,120,124,.png,46934,82e21dede05d3ed9bc17ef669bea0efd0a3b16c3,12.png;12_0e7420.png;12_0e742088.png
12_ecf717.png,unknown_numeric_other,96,40,.png,4467,f446f65e39e64352c3e87028f4a7c301e0f79943,
13.png,tiny_icons,32,32,.png,873,1062b61ce3fb48709103c29fc0082a811aacee73,
1333439.png,tiny_icons,24,18,.png,1307,65919e9656111a2b2de2be400ff9d8c55a0cd584,
1351.png,items_60x60_numeric,60,60,.png,9069,fd06d042f355d3e42f14f05dce9584440e1915e0,
1354.png,items_60x60_numeric,60,60,.png,10297,02ce74b7e456ee2a8d23d70659e21c6c74798a67,
1359.png,items_60x60_numeric,60,60,.png,8506,2e123185a67140edf609d88c47c50678ddb368dd,
1378.png,items_60x60_numeric,60,60,.png,9162,1f2232ea85f583ba0fd1a43126147fbf0a17ff59,
1394.png,items_60x60_numeric,60,60,.png,11490,7e520f78386b30b1b8c6b260ec234cb7c49e9c99,
13_734e88.png,unknown_numeric_other,96,40,.png,3764,42dce9bce6f792ccf785418e312e7681c7e9c7e2,
14.png,unknown_numeric_other,96,40,.png,4356,d6ca2a1f2356d5bde456ebffd276b0c75296d6b2,
1401.png,items_60x60_numeric,60,60,.png,10519,cc4342fc28ce4227b41164c9f4a3d24b909b20b2,
1429.png,items_60x60_numeric,60,60,.png,9466,9b033ff8f6023f3ad438c407b49e7ac52a0c396f,
1431.png,items_60x60_numeric,60,60,.png,11361,6924967aa2f18232634d8748bb6759e8c5598499,
1448.png,items_60x60_numeric,60,60,.png,13356,61912c707bd02e5c1f9aa853b7932b68913b8d4d,
147.png,items_60x60_numeric,60,60,.png,10148,9bfd1baf4249e31dba3db1f5ddb1b272c31f2b12,
1475720.png,unknown_numeric_other,36,32,.png,6607,a1fb0d8fb91b6f88ff82519ab28e9b07e3afad7b,1475720.png;1475720_f652f5.png;1475720_f652f5d7.png
1475720_f652f5.png,unknown_numeric_other,36,32,.png,6607,a1fb0d8fb91b6f88ff82519ab28e9b07e3afad7b,1475720.png;1475720_f652f5.png;1475720_f652f5d7.png
1475720_f652f5d7.png,unknown_numeric_other,36,32,.png,6607,a1fb0d8fb91b6f88ff82519ab28e9b07e3afad7b,1475720.png;1475720_f652f5.png;1475720_f652f5d7.png
1487.png,items_60x60_numeric,60,60,.png,12297,2f4a1c7ff1d6f2e38c02d2ffacef11a5d45cf2e5,
1494.png,items_60x60_numeric,60,60,.png,7978,d81157b1f0bc9dad06d4570a174c298eeb52013e,
15.png,unknown_numeric_other,96,40,.png,4097,16e53ae6a0967fc9be76c709f88bbe57a259b243,
1508.png,items_60x60_numeric,60,60,.png,9150,b2f562416d27fe7321c5629998c7ff6075695e65,
152.png,items_60x60_numeric,60,60,.png,9280,1e6087607f2e33c7dd3c7516c52bbc74cce27fd0,
1524.png,items_60x60_numeric,60,60,.png,11161,446d0b8de79e06f62a603d346c8fbef937bd5088,
1527.png,items_60x60_numeric,60,60,.png,10128,0985ada563a02ee0e96546f30bb72c8c5e289cb7,
153.png,items_60x60_numeric,60,60,.png,9032,0c1cbdcbe69e4a8a5f2eb56e9eb1bb884cae4d15,
1531.png,items_60x60_numeric,60,60,.png,11720,2c79e1723a79dcab4ff7ede2bc8ba652931ffa16,
1532.png,items_60x60_numeric,60,60,.png,10112,f1fdc7cac49a04c60b2ef41f2146b9d76c6e0e0a,
1533.png,items_60x60_numeric,60,60,.png,11879,82d0c6cfe81c3446731825d9487843243809a16d,
154.png,items_60x60_numeric,60,60,.png,9811,faa90bfb95411b4d42ea95286dda0ad7f8c6234f,
1540.png,items_60x60_numeric,60,60,.png,11313,3f0358abf0cd38c1912f1810f0452647b129da05,
1541.png,items_60x60_numeric,60,60,.png,7830,8a81b196233d01821ff0a07508ab130ecd529c55,
1542.png,items_60x60_numeric,60,60,.png,8884,f75490e9eb431f849fdcdec9256fa435ee571055,
1555.png,items_60x60_numeric,60,60,.png,9414,a720e2cdf4e250ccbf64728fd4332c8d273e9bb7,
1564.png,items_60x60_numeric,60,60,.png,11155,f6e9c0e13c5042b019c69a094aa3aa2ebdcbdf6b,
1565.png,items_60x60_numeric,60,60,.png,8059,85e214ceef9cebb6e563351fa707fe8e6ccc09b7,
1567.png,items_60x60_numeric,60,60,.png,9449,24c90e2aef6d4a6f642f11781119e20ad12c5ce3,
1595.png,items_60x60_numeric,60,60,.png,11381,81a4a9adcd14f430f9d6eb431968a3c2613ebc26,
1596.png,items_60x60_numeric,60,60,.png,9314,8bbc3204be3336cab77af3e506efa7dc10f3bd3c,
1598.png,items_60x60_numeric,60,60,.png,9381,b0835bc9fa40781ebf0aa0555b1dc061ebc9d938,
16.png,items_60x60_numeric,60,60,.png,11098,e3e2ffc0e08022f877a22eadaf4afaeeb0f00a96,16.png;16_205089.png;16_205089a6.png
1601.png,items_60x60_numeric,60,60,.png,10209,4fbf467b0937d6eb373d123b0dda7717cdf05456,
1602.png,items_60x60_numeric,60,60,.png,11946,8b860b53fb3ba58cb8c6628da3202a205d83c87b,
1613.png,items_60x60_numeric,60,60,.png,8762,74df02dfc12351a1c953fcc8787af751c34b88a1,
1614.png,items_60x60_numeric,60,60,.png,8217,8eec987db1f7f15fe5ade420f7835610d138981e,
1621.png,items_60x60_numeric,60,60,.png,8196,887bb4a4cf5787b6c87c45525f317a619db338da,
1622.png,items_60x60_numeric,60,60,.png,8179,4ebdc0bfa0a951bae0c7a41b6d5843d025157789,
1623.png,items_60x60_numeric,60,60,.png,5168,81e0adf8c15d0b9b865fe8fe80c7a5e0f679db85,
1624.png,items_60x60_numeric,60,60,.png,9024,8059e7a2604f6a0d148983fd14a44a912933d4fc,
1625.png,items_60x60_numeric,60,60,.png,8077,0f00c1dbf70930cc54a362cdd47c3dd51d59df42,
1628.png,items_60x60_numeric,60,60,.png,9853,1a446f2ff80ccb083b475cb70967df37ceadbdf8,
1641.png,items_60x60_numeric,60,60,.png,7719,bde42e702312bf1de672e3066eac0b2725f8ddfc,
1657.png,items_60x60_numeric,60,60,.png,10839,21079db6260e27decbf6866b149d02acf50b2e9d,
1664.png,items_60x60_numeric,60,60,.png,10544,a111a611483545f3a1f643c492aaf5c7a28ea5b2,
1670.png,items_60x60_numeric,60,60,.png,7828,44d2e91d1ff8499f320573c42375febe904bf2da,
1671.png,items_60x60_numeric,60,60,.png,8726,128f5ca41c40b6d168cb7f1a784ebc7e4b23f3c6,
1672.png,items_60x60_numeric,60,60,.png,9883,50a694b05a1741d12e0c8683dd41880fbb8b7ee4,
1673.png,items_60x60_numeric,60,60,.png,10123,61e617b348c1c0cbacb4c4cfc8f9fdc998b33bbb,
1674.png,items_60x60_numeric,60,60,.png,10258,3eef99c16c3cf23a635683e7924d5a19c7f3610b,
1675.png,items_60x60_numeric,60,60,.png,10108,e09358edfe9c8036b3fc887f67fdf0fc38ccc055,
1676.png,items_60x60_numeric,60,60,.png,10246,3b3a82b7bedfde28668cec0fa98ec90154bb0c2c,
1677.png,items_60x60_numeric,60,60,.png,10240,99ee1f5ca281de0b9537bc634de6564fb767e70f,
1678.png,items_60x60_numeric,60,60,.png,10229,4f1400d73db982dc548f050ac5301d04d9be4a25,
1679.png,items_60x60_numeric,60,60,.png,10179,7b1bd71a510139ba9a9205f67aa27f19b61e87a0,
1680.png,items_60x60_numeric,60,60,.png,10200,534fe5696d00798e2471d6d7dca849b971996aab,
1681.png,items_60x60_numeric,60,60,.png,10567,29f83d9538e90958a028ae919b4b75b0baa65bea,
1682.png,items_60x60_numeric,60,60,.png,10333,32cc496bb71f2a4b5087770e40fd3b067713cb7b,
1683.png,items_60x60_numeric,60,60,.png,10199,15185d6d0a61a1f658f59a76ec5372cb726eb320,
1684.png,items_60x60_numeric,60,60,.png,9848,60851512a3bdb3199ef2f5474394827cf433027f,
1685.png,items_60x60_numeric,60,60,.png,10135,d4d5606f5c4b8cafd77f83c5610822d7b9571223,
1686.png,items_60x60_numeric,60,60,.png,10376,c015978a5cfdc46cda93dcd2a16aeef7ded64189,
1687.png,items_60x60_numeric,60,60,.png,10185,ce2f168869f6509d6cf03d19b8a5997c4fbf7ee9,
1688.png,items_60x60_numeric,60,60,.png,10229,4f072898755362748fb2ef713f7db35d7f6d929c,
1689.png,items_60x60_numeric,60,60,.png,11182,33dad3a4c3656ae14f8e575facd64cca191e249a,
1690.png,items_60x60_numeric,60,60,.png,10198,2655b588cbd988082e034acdd579e7017e0586e7,
1698.png,items_60x60_numeric,60,60,.png,9408,5c4a1a11f51e17519510432b16f70a401e77f397,
1699.png,items_60x60_numeric,60,60,.png,8822,8fca0f1043973b61e09e1d01992726c6c86e20c8,
16_205089.png,items_60x60_numeric,60,60,.png,11098,e3e2ffc0e08022f877a22eadaf4afaeeb0f00a96,16.png;16_205089.png;16_205089a6.png
16_205089a6.png,items_60x60_numeric,60,60,.png,11098,e3e2ffc0e08022f877a22eadaf4afaeeb0f00a96,16.png;16_205089.png;16_205089a6.png
16_ae8051.png,unknown_numeric_other,96,40,.png,5315,6ec319e7b06ccfac93fa9e7ca2a08205115a9835,
17.png,unknown_numeric_other,96,40,.png,5191,94d25002ba1cf5f7862693ef0d4399b8f128d0ae,
1707.png,items_60x60_numeric,60,60,.png,8445,9ee7e562080ba6d5070dbf33e9ed605eb6b4a07c,
1709.png,items_60x60_numeric,60,60,.png,7353,292849550e8ab8f9c3b5b012be17b8666c4b90cd,
1732.png,items_60x60_numeric,60,60,.png,7238,dca62826057e3e354b542f90a63ef15c86e4d736,
1733.png,items_60x60_numeric,60,60,.png,9567,1463be53635afffb39507962b2045ad125465a24,
1735.png,items_60x60_numeric,60,60,.png,8810,fdaed6bdf0dca096370e62c8c6e4205b55d6de2b,
1736.png,items_60x60_numeric,60,60,.png,12202,40db5aad5c6e2c6b4b7f65ddb798cad53ab218c7,
1737.png,items_60x60_numeric,60,60,.png,11641,1205ce86b4cacf568defc10bd428dd0c7e47d3ab,
1738.png,items_60x60_numeric,60,60,.png,10101,250891117d4d31f2eddb9778547489f181ae4069,
1739.png,items_60x60_numeric,60,60,.png,7691,577c9e4a7b21351177f941e3d1e95ed3e2d8d53c,
1740.png,items_60x60_numeric,60,60,.png,6885,89f4cdc562a807322e3fad73b292bf889a571eb1,
1745.png,items_60x60_numeric,60,60,.png,5294,d06cf963390c572cf51caff9684e0f6b5d659b83,
1752.png,items_60x60_numeric,60,60,.png,4812,4e59bfd13877fb58f6abd8155f9dfbecb198dce6,
1754.png,items_60x60_numeric,60,60,.png,4758,306a749c4c3e03f18b3a23ac11d5285c3d1009e3,
1757.png,items_60x60_numeric,60,60,.png,5285,afd6af6fe5f74213084bd6046676b9725327c044,
1762.png,items_60x60_numeric,60,60,.png,5539,84f77747b2f226c65b6d7fd62815fa9fc7bb9a5a,
1767.png,items_60x60_numeric,60,60,.png,5375,508d3b863a273efaeb735ffedb38e24f12cb2630,
1771.png,items_60x60_numeric,60,60,.png,5346,3d6f4714a8b30a2fa104cd954c3ffc5631f8284e,
1772.png,items_60x60_numeric,60,60,.png,5305,fc9af8dbd8fa4d2459e1adc8d3e69c221191c093,
1776.png,items_60x60_numeric,60,60,.png,5541,677d1ebf988a7012bc0b1d849cd5f7158f9257cf,
1777.png,items_60x60_numeric,60,60,.png,5460,a33085a1154756f2e259ee2fb381b73aeed87326,
1783.png,items_60x60_numeric,60,60,.png,5528,dd2edf6700a125056683ec23d8607b08cba96f7c,
1784.png,items_60x60_numeric,60,60,.png,5431,4aa545ca1afd51988cd035618bed59352f285c14,
1785.png,items_60x60_numeric,60,60,.png,5657,c1eb6f999198e90003092eaedd95467338273580,
1786.png,items_60x60_numeric,60,60,.png,5242,829a8db6ea644e65cf845e021c94b3b410977c1e,
1788.png,items_60x60_numeric,60,60,.png,5495,066dfb88d0b364b2edb57cc07ff8ef29a6e76819,
1791.png,items_60x60_numeric,60,60,.png,9557,320301848805365f34e4c42f8a214b679c526417,
1792.png,items_60x60_numeric,60,60,.png,7716,500b63883bc7675577316440da334d5b840bc659,
1793.png,items_60x60_numeric,60,60,.png,7744,6ff0d1dddc965e80efea7a29a14ddc8135114917,
18.png,unknown_numeric_other,24,48,.png,1022,9dcba4f86d3fa9c89868024b5f4c79393e1915ca,
181.png,items_60x60_numeric,60,60,.png,13232,061e18f2108d60fca674692f4e37202aafbf3b7a,
189.png,items_60x60_numeric,60,60,.png,10381,35f43a7e197faf78f74ace81959119a5c16be018,189.png;189_0c04d6.png
189_0c04d6.png,items_60x60_numeric,60,60,.png,10381,35f43a7e197faf78f74ace81959119a5c16be018,189.png;189_0c04d6.png
18_0e9b1d.png,unknown_numeric_other,96,40,.png,5276,33208563e812a2d3a4fc3e30ed04a03c6910e50e,
19.png,tiny_icons,19,18,.png,383,6353a970e4be4900ec38b07baa4f87c3b4000102,
19_344964.png,unknown_numeric_other,96,40,.png,10361,1070f95b397456a078d5282da7c3ee0e420211a9,
1_0f79b0.png,unknown_numeric_other,252,315,.png,29344,14994cc732f4acf45985381242c2fa87afa6a944,
1_2e3349.png,unknown_numeric_other,96,40,.png,2663,bda4234a6c816dd7086bc911f632e992eb6010e0,
1_aa088b.png,unknown_numeric_other,256,256,.png,149275,f1da0d070f864a830bec1484a56f2773ec923685,
1_aa46e7.png,items_60x60_numeric,60,60,.png,11290,f38caa3ecbabc684a299f3ee455d41b82ab5cdb8,1_aa46e7.png;1_c4f2db.png
1_c4f2db.png,items_60x60_numeric,60,60,.png,11290,f38caa3ecbabc684a299f3ee455d41b82ab5cdb8,1_aa46e7.png;1_c4f2db.png
1_d3da1e.png,unknown_numeric_other,60,120,.png,7218,fe9dbe9ac756a4bd619f176edcaf7bc7e3e5ffc8,
1_e18b44.png,unknown_numeric_other,120,124,.png,18593,9ca1f8ec1a95baa23de8f7f0f1b2cccf62795940,1.png;1_e18b44.png;1_e18b4431.png
1_e18b4431.png,unknown_numeric_other,120,124,.png,18593,9ca1f8ec1a95baa23de8f7f0f1b2cccf62795940,1.png;1_e18b44.png;1_e18b4431.png
1c79a015.webp,webp_misc,176,200,.webp,120116,6a8b45d5ae0747e4c77ae10ac4bbb81d15e034e7,
2.png,unknown_numeric_other,280,180,.png,113676,f805cc040dff5de27679ee356567c8e91bdca1e7,2.png;2_f25eb7.png;2_f25eb798.png
20.png,tiny_icons,24,24,.png,1068,4cdbc38eae2abdfada8c780a55885e9884269a18,
210.png,items_60x60_numeric,60,60,.png,11549,9ed39a19c9c1459ab97ec725415bad02fcb51ba5,
217.png,items_60x60_numeric,60,60,.png,9219,17accdae78ac457acb156ce39e9b4d4a07b25f60,
219.png,items_60x60_numeric,60,60,.png,8732,e94ef3fcb77212afcf860ce51db89b90d304138f,
234.png,items_60x60_numeric,60,60,.png,10151,58ae199efc0170caa54be963eba9827cf307550f,
235.png,items_60x60_numeric,60,60,.png,10032,dfb0288c84ba953b87a2e7fe4ac77a0a49068cd0,
237094d7.webp,webp_misc,128,128,.webp,43296,b1d47834c1262af51c8f5fc02cff2e16ef0963c2,
23aba751.webp,webp_misc,96,91,.webp,49210,c265386a7f09e2d4c6705eb96c02edd94f111c98,
25.png,items_60x60_numeric,60,60,.png,9406,f2c9298476cb080d93dc31f9fd151bef887458c0,
26.png,items_60x60_numeric,60,60,.png,10168,0acd3281cd111498ab36eab861adaeae54908126,
2_60fa35.png,unknown_numeric_other,659,32,.png,7995,b322ab14d30566138629f358de63b6847f19e976,
2_6569d0.png,tiny_icons,26,17,.png,297,aa298c632a8668b6e737dd506ef716d29249f4a8,
2_92b321.png,items_60x60_numeric,60,60,.png,9711,98309ed4137d5dfa7bc0c8f4a8315b033f5208b2,
2_dc8a1e.png,unknown_numeric_other,96,40,.png,2891,19b1d658f5fee4a9969070400f1b6fda8774e546,
2_e72813.png,unknown_numeric_other,252,315,.png,32359,f30032efa13dfb777b60870957f45f1d9e535115,
2_f25eb7.png,unknown_numeric_other,280,180,.png,113676,f805cc040dff5de27679ee356567c8e91bdca1e7,2.png;2_f25eb7.png;2_f25eb798.png
2_f25eb798.png,unknown_numeric_other,280,180,.png,113676,f805cc040dff5de27679ee356567c8e91bdca1e7,2.png;2_f25eb7.png;2_f25eb798.png
2f973bd2.webp,webp_misc,128,128,.webp,25428,d8ed42330504e27d1445e0416731c4e8b6706e99,
31247869.webp,webp_misc,160,160,.webp,44152,fb46a323cb353e5e137a6501f483c5d333b8208e,
320.png,items_60x60_numeric,60,60,.png,9708,84b1cbdb80f8054bcc59296e0c1cfd1a028ce8eb,
321.png,items_60x60_numeric,60,60,.png,8451,8a67f7de9ea2b757e94df4f85890ffae969665aa,
322.png,items_60x60_numeric,60,60,.png,11773,e482b9f3a0b668ee91c673f52fff60f3c4f8b87f,
323.png,items_60x60_numeric,60,60,.png,8364,c450a996a7900b67864c27010274e6608ab2ed5a,
325.png,items_60x60_numeric,60,60,.png,8387,e8ecee7f67a078a50dece13650430a3557abf8ea,
326.png,items_60x60_numeric,60,60,.png,11929,7425795bc9a1ff97f98c2a093b363f4833f993e9,
327.png,items_60x60_numeric,60,60,.png,6972,0f66770516b2d75c6d1ac0c261d1afaf6b2f069b,
328.png,items_60x60_numeric,60,60,.png,9214,3a950024ca83ff2c50f9f8d8b257251d81e1af2f,
33.png,unknown_numeric_other,44,41,.png,16704,84537bba005a3e1d4bb73d1ceb4712bf9757ac8e,
332.png,items_60x60_numeric,60,60,.png,8706,554f7144167c4b3273f5d823c54555f8fdf4016d,
333.png,items_60x60_numeric,60,60,.png,11694,8b0cd6e1670dbccb05736840e978ea5d85529c77,
337.png,items_60x60_numeric,60,60,.png,11603,e39493d647a190f7564775e8dac471f5734edbd3,
338.png,items_60x60_numeric,60,60,.png,9814,fadc981bc98e91d8d5349848a777db78e0e7f2f5,
339.png,items_60x60_numeric,60,60,.png,8088,21f8ff1b555069c752ddbdf9919b493217fbeb92,
342.png,items_60x60_numeric,60,60,.png,9455,513e39dc333f32fcc18b80c88c0eda3c128a2bb2,
344.png,items_60x60_numeric,60,60,.png,9249,91e28f575ec51631b14d1a0ff5bad032f93d2451,
349.png,items_60x60_numeric,60,60,.png,7615,12818659fd3db48a1b2c85c1aaf752b65d4a9bbc,
350.png,items_60x60_numeric,60,60,.png,10327,bb303d0190efb67fe44cda909ed42fae1cf4e4da,
356.png,items_60x60_numeric,60,60,.png,9919,8d56f0694f64246f7029bf4228b9f274b1dd4d41,
358.png,items_60x60_numeric,60,60,.png,7814,41db55006160c8c096073fef416576238b5ca7fe,
360.png,items_60x60_numeric,60,60,.png,9565,17b2034168b17b994af83b8207c5be7e06bee2c3,
361.png,items_60x60_numeric,60,60,.png,11547,94db1fd1cd1735258e97751456e421f77ee2b3af,
365.png,items_60x60_numeric,60,60,.png,11554,99617aecf5b390ff17953426a1b517ee6cdf2880,
366.png,items_60x60_numeric,60,60,.png,8594,6275666de4e0ad081e2cc69d540868de5f4966a0,
370.png,items_60x60_numeric,60,60,.png,10900,87b4038de6e7ff8cce1cd1408adc3d5e93770367,
371.png,items_60x60_numeric,60,60,.png,11553,56844c7811f3d267c0111be2577762b0fb54149d,
372.png,items_60x60_numeric,60,60,.png,8278,8b0bbff95c5a96939803f2acf23744bec191d5bb,
373.png,items_60x60_numeric,60,60,.png,9348,d8bc4f2f55109bbf3fede2b22ac28f0a978681ca,
374.png,items_60x60_numeric,60,60,.png,10403,b89233965feb1da7769f0268ec447a8d8685523a,
375.png,items_60x60_numeric,60,60,.png,10627,89f9cce3ee0e7cb0359ef98e25e776de5c01be6b,
376.png,items_60x60_numeric,60,60,.png,10072,cebca31bf1bd65714104bdd201cf4d24b97978d7,
377.png,items_60x60_numeric,60,60,.png,9253,0d5ceec6cd990a07d9fa463feff39352aafac926,
378.png,items_60x60_numeric,60,60,.png,10785,a8f985231a17e27d25701743d0a669fb2387fe64,
380.png,items_60x60_numeric,60,60,.png,11502,5522df6c61955d369273a86277c70970132ec5d2,
386.png,items_60x60_numeric,60,60,.png,8436,3177c73f8404021fbfc6b879f29af053beaf4bfa,
4.png,unknown_numeric_other,120,124,.png,27955,e68bb04bfeaa5eed7f650f1c2468cfcaa9bf61b4,4.png;4_325d65.png;4_325d65a9.png
43260e19.webp,webp_misc,176,176,.webp,41384,74cea43ecd555bfa077f004a621fd267d2e33eb5,
48.png,items_60x60_numeric,60,60,.png,10374,45d2fda66a8b255f4a6d77422c8064fb212cf18a,
489.png,items_60x60_numeric,60,60,.png,8269,7e1e2c2a39b07837d4f65107ef1b1a072f0d65c0,
48c03b0a.webp,webp_misc,96,84,.webp,7402,f6e5c0e8ffa5876778258f06023f273963078c28,
491.png,items_60x60_numeric,60,60,.png,8169,e6d66153da3acfcef3c95e04821b75ac872e4cb4,
492.png,items_60x60_numeric,60,60,.png,8613,8d73d115840197c53700c58590fc40744c73bc05,
496.png,items_60x60_numeric,60,60,.png,8372,53052c307baa312dbe019b5c437b261c5d6ad93f,
4_1347f3.png,items_60x60_numeric,60,60,.png,11148,bc8020f79b09d4cda7a2c6b8f3c0fde4f9938878,
4_325d65.png,unknown_numeric_other,120,124,.png,27955,e68bb04bfeaa5eed7f650f1c2468cfcaa9bf61b4,4.png;4_325d65.png;4_325d65a9.png
4_325d65a9.png,unknown_numeric_other,120,124,.png,27955,e68bb04bfeaa5eed7f650f1c2468cfcaa9bf61b4,4.png;4_325d65.png;4_325d65a9.png
4_87ba6d.png,tiny_icons,13,13,.png,961,4b95ddedd1ec862e602c1c77f19daa9d52503815,
4_fb348e.png,unknown_numeric_other,280,180,.png,135342,022fd20c688ae429982e00f1e9e1a55996403f4e,4_fb348e.png;4_fb348e5f.png
4_fb348e5f.png,unknown_numeric_other,280,180,.png,135342,022fd20c688ae429982e00f1e9e1a55996403f4e,4_fb348e.png;4_fb348e5f.png
4ce7a28e.webp,webp_misc,128,128,.webp,56076,7bd6e0b8bec619b740d35cbb50d457f0277aad83,
5.png,tiny_icons,16,16,.png,602,d4a0aad5a6b2a34b414e8c3709f4882ffe354b18,5.png;5_2c06b2.png;5_2c06b266.png
517.png,items_60x60_numeric,60,60,.png,10312,c1a8902312ae5453b8b97d131e3c79e1eb141f5e,
52.png,items_60x60_numeric,60,60,.png,9157,38a7919c52c28cdc906b96314671c373471ef2d8,
520.png,items_60x60_numeric,60,60,.png,8807,b001a5b36199a55976f23f87b31dcc9ea23a1a8b,
523.png,items_60x60_numeric,60,60,.png,8031,aa6536c13adc350765779707ba3519e3807370a4,
533.png,items_60x60_numeric,60,60,.png,9433,78c08e16b4ec024c85cdc7b2743f2564afccc22c,
550.png,items_60x60_numeric,60,60,.png,9787,5fcfab30976b44af6ed1b7364e86a82ba593e995,
551.png,items_60x60_numeric,60,60,.png,9553,0bc3d00d0b3f5870344c9f034190589b7e9d5c85,
552.png,items_60x60_numeric,60,60,.png,12860,64668af2ee245837bbdc7ced32d0c289895059f2,
553.png,items_60x60_numeric,60,60,.png,12957,c7962f14ba7db66d5f52397926f48998842c6e4b,
554.png,items_60x60_numeric,60,60,.png,12884,a99ef10536e2f614d1d2dcbd9af5a0f834e2e097,
555.png,items_60x60_numeric,60,60,.png,10119,2b6e4bccec402dea50f2d484ec5bdeb2708df721,
556.png,items_60x60_numeric,60,60,.png,12464,4a8c6b556f3dd5b19f57a4416c3e273e0bce11e6,
557.png,items_60x60_numeric,60,60,.png,12113,ba18e267116f964fe944d1681208064797a2e6cf,
558.png,items_60x60_numeric,60,60,.png,12004,da0f662b8e85e85afbfd54511a6cf991721a09a7,
566.png,items_60x60_numeric,60,60,.png,7475,fef08c6f92ba96e3d3637cb14befb6401185a745,
567.png,items_60x60_numeric,60,60,.png,8090,13b6dee1cbcfb4d9e0d64d39cc264a7e6c46ef21,
568.png,items_60x60_numeric,60,60,.png,8134,87a7778675fc2e4f333929dd390986c8ab9e0ad1,
569.png,items_60x60_numeric,60,60,.png,7402,ccff1c86bbdbad080467b3ae93907a9d310571a5,
570.png,items_60x60_numeric,60,60,.png,7217,09ba8d0ebfd9ca7a39b0efb0203371bc201d6d26,
571.png,items_60x60_numeric,60,60,.png,7429,19f75365323dba8daa96bb8e56a053034282a26e,
574.png,items_60x60_numeric,60,60,.png,5971,692940e95e2990e4ae058b11e029ea40e9aecafd,
575.png,items_60x60_numeric,60,60,.png,6811,f461453e0a16f282917f606223182716f3db4e71,
580.png,items_60x60_numeric,60,60,.png,6687,16d8228d61677ee636b8e3bd61bb8ee1ddd13b7e,
581.png,items_60x60_numeric,60,60,.png,5000,2109730c0c061c62747b0d4ed69fd128cc0ad963,
586.png,items_60x60_numeric,60,60,.png,6858,30661dde129960afdfe39f8d02ee4c74416f796d,
587.png,items_60x60_numeric,60,60,.png,6543,bad69f046f8542a2ab52f6059833f7e7c0c264ff,
592.png,items_60x60_numeric,60,60,.png,8851,969b1b57c430cf7ea4547a4c4f2f31c14eaa3caf,
593.png,items_60x60_numeric,60,60,.png,7133,56363154514ced1d1b81e72eab7751857ffcee50,
598.png,items_60x60_numeric,60,60,.png,7757,bc899c35eb6b8c2e2751dbe977854d0551974b34,
599.png,items_60x60_numeric,60,60,.png,6102,37d8fc87b02ddc0b094f90317fec55ac2bd2f0b1,
5_2c06b2.png,tiny_icons,16,16,.png,602,d4a0aad5a6b2a34b414e8c3709f4882ffe354b18,5.png;5_2c06b2.png;5_2c06b266.png
5_2c06b266.png,tiny_icons,16,16,.png,602,d4a0aad5a6b2a34b414e8c3709f4882ffe354b18,5.png;5_2c06b2.png;5_2c06b266.png
5_4a4c6e.png,items_60x60_numeric,60,60,.png,11499,c97bac628486afecdaf23a060a2edba267890190,5_4a4c6e.png;5_4a4c6ef5.png
5_4a4c6ef5.png,items_60x60_numeric,60,60,.png,11499,c97bac628486afecdaf23a060a2edba267890190,5_4a4c6e.png;5_4a4c6ef5.png
5_d37509.png,tiny_icons,14,13,.png,1160,a0d300deba8abc184272f519d6a095e3df6aa9b8,5_d37509.png;5_d375092d.png
5_d375092d.png,tiny_icons,14,13,.png,1160,a0d300deba8abc184272f519d6a095e3df6aa9b8,5_d37509.png;5_d375092d.png
5e4f1ab9.webp,webp_misc,64,64,.webp,54756,09c447efdbee50d63c0fe2b3030f52d45c22007e,
6.png,unknown_numeric_other,120,124,.png,30945,efaf2a17b046ddc367cad07769d2b175458af40f,6.png;6_a17859.png;6_a17859a0.png
604.png,items_60x60_numeric,60,60,.png,10071,60dcf2fd8030e537cc5d2a651ff3c3aa8e57fe91,
605.png,items_60x60_numeric,60,60,.png,8557,7f6568ffa6899009a7641d90e8cb97debfb92458,
612.png,items_60x60_numeric,60,60,.png,9034,0a7b29f8db318991d32a7c4b91671e29d37251c7,
619.png,items_60x60_numeric,60,60,.png,8148,a442b3582ca575657aef2c72b3b719e5f56d8f9d,
620.png,items_60x60_numeric,60,60,.png,9369,748b69b047da9ac985aa59c0a36a24d374645e3c,
621.png,items_60x60_numeric,60,60,.png,9254,139dc81c7f80c431cb30d1a8c5d3c0b3e8f86e93,
622.png,items_60x60_numeric,60,60,.png,10187,ca62ed0829ccd99a3cb09219038481feeea06e58,
623.png,items_60x60_numeric,60,60,.png,10059,64ebe7a3a03c994be666e769ac8ee264e88d6a37,
624.png,items_60x60_numeric,60,60,.png,10037,a75ca4b428780fd036147a2f5bce9a84d3701b42,
625.png,items_60x60_numeric,60,60,.png,9937,07b4145334ae2765e5fde67d7baf4a347af84695,
630.png,items_60x60_numeric,60,60,.png,6963,6201a06834973a04aa2d7a0e4db5f807f66bbf65,
634.png,items_60x60_numeric,60,60,.png,5732,c44b572c88c7ee067563ac57f2de5e3138f4a800,
639.png,items_60x60_numeric,60,60,.png,8732,ff7773dadad78ba61f83cfac511b16e452ef9afb,
64.png,items_60x60_numeric,60,60,.png,12229,24ae6cad224629a67b999d9f46c76cb903ae44fe,
65.png,unknown_numeric_other,175,62,.png,3343,8ef0087e205a72f5464b292a65d94ce4a2562c8b,65.png;65_23e850.png;65_23e850f8.png
650.png,items_60x60_numeric,60,60,.png,10737,807972e02fffa1f92890790f84627731bfc6ef97,
651.png,items_60x60_numeric,60,60,.png,10894,970e3a7cb1e56ce9cad45b2cd5a42bbebad06171,
652.png,items_60x60_numeric,60,60,.png,10636,268177c89c56b23dfcd39003444fd80263f9636e,
653.png,items_60x60_numeric,60,60,.png,11014,4a4bf5fa8eacf3d90ae98f2af6c04ae91b4de568,
654.png,items_60x60_numeric,60,60,.png,10678,c859409410ba1b4d01ef3450c4c7e74b30a7020e,
655.png,items_60x60_numeric,60,60,.png,9585,42e003880594ebdd3db3e3bf59a23b2b2c02a577,
656.png,items_60x60_numeric,60,60,.png,10112,36010c277b4bf80d3938b2cd264cab56cbd74090,
657.png,items_60x60_numeric,60,60,.png,10163,77e1e62b64c35d3dfdaebe1fa44216f062b49597,
658.png,items_60x60_numeric,60,60,.png,10219,5591c5f6d089b39bac5cd43e4f3edf598e3ea7a8,
659.png,items_60x60_numeric,60,60,.png,10313,a7e430945a442fdcf83ccb2dd310644f169131a9,
65_23e850.png,unknown_numeric_other,175,62,.png,3343,8ef0087e205a72f5464b292a65d94ce4a2562c8b,65.png;65_23e850.png;65_23e850f8.png
65_23e850f8.png,unknown_numeric_other,175,62,.png,3343,8ef0087e205a72f5464b292a65d94ce4a2562c8b,65.png;65_23e850.png;65_23e850f8.png
66.png,items_60x60_numeric,60,60,.png,10320,8542374941dbca79af5ee40b3a328c3a6c8dcf2c,
660.png,items_60x60_numeric,60,60,.png,9706,f661cad4fe461aa584b298ced948759771b26d89,
661.png,items_60x60_numeric,60,60,.png,9749,1084e7e20f9e5a1f753b055f19554fb68862aaa2,
662.png,items_60x60_numeric,60,60,.png,9686,202e24854594564a634a3fe96a6d7a1ca48bc11c,
664.png,items_60x60_numeric,60,60,.png,9181,9c24929b18a66f2c11c32a7b247ac56109806a63,
665.png,items_60x60_numeric,60,60,.png,9198,2ffef097637f9aad0b84dedc8382fb684117b9fe,
668.png,items_60x60_numeric,60,60,.png,7849,acc7ddcd35d041e761c1b29479b4e29b82100c1f,
67.png,items_60x60_numeric,60,60,.png,11275,48d8e5428fcaa5627f898ae1d81e6dd343b22d48,
673.png,unknown_numeric_other,562,23,.png,7186,1021b14138f536e4ff227aaa7d6ede488f392535,673.png;673_49c45b.png;673_49c45b5f.png
673_49c45b.png,unknown_numeric_other,562,23,.png,7186,1021b14138f536e4ff227aaa7d6ede488f392535,673.png;673_49c45b.png;673_49c45b5f.png
673_49c45b5f.png,unknown_numeric_other,562,23,.png,7186,1021b14138f536e4ff227aaa7d6ede488f392535,673.png;673_49c45b.png;673_49c45b5f.png
674.png,items_60x60_numeric,60,60,.png,10526,a3754f75b7797666b656b632e94bf4c5496b0b14,
675.png,items_60x60_numeric,60,60,.png,10496,81bf5c30ace37c03201394943cfb5600d24a8f49,
678.png,items_60x60_numeric,60,60,.png,12411,1d2d374e7151ec3c8c8a4f8e083485ba23cb7162,
679.png,items_60x60_numeric,60,60,.png,25694,78e02841213f9feadf913a5958e18a7d22764935,
68.png,items_60x60_numeric,60,60,.png,11556,d6b37a27daedffe8cae2cd635ae9358a3b6089cc,
684.png,items_60x60_numeric,60,60,.png,7501,44e1399674686889760579eee34efce5435b9c7b,
685.png,items_60x60_numeric,60,60,.png,7745,5127a8ebd0e57e5ab888e4110f04cf0402b81e9b,
686.png,items_60x60_numeric,60,60,.png,7748,96fc54e3586d72ca84ee230cae40a998093f02c3,
687.png,items_60x60_numeric,60,60,.png,7470,9b207200cfce2265355a3a2015e7b9cd841448e7,
69.png,items_60x60_numeric,60,60,.png,10620,87090fc909f6153be19f11a3542a08b40c5d37f7,
693.png,items_60x60_numeric,60,60,.png,6542,a0963ad23fc6ec5a8f9db46d7eda9d7a0baadfc2,
694.png,items_60x60_numeric,60,60,.png,6424,266f81c6c5941daea60f397931e5ba4b0a0cb271,
695.png,items_60x60_numeric,60,60,.png,6307,9a7a299cb508e073e60b4dd6eb22d21b39627ff5,
696.png,items_60x60_numeric,60,60,.png,6535,ac250308daa1bc64df0b7e67d48a612c58d28939,
697.png,items_60x60_numeric,60,60,.png,6432,a84f00ebde2fdf4f6539a3bffd9ae40d03c290e7,
6_1c9b9c.png,unknown_numeric_other,960,550,.png,545047,4fe5c276a2123863214dd09e6aded7237fcceed0,
6_4344dd.png,unknown_numeric_other,280,180,.png,101306,7731079f85acf06a6cd1f0111ecff2503648f52f,6_4344dd.png;6_4344ddd4.png
6_4344ddd4.png,unknown_numeric_other,280,180,.png,101306,7731079f85acf06a6cd1f0111ecff2503648f52f,6_4344dd.png;6_4344ddd4.png
6_9e4100.png,unknown_numeric_other,95,40,.png,4784,1a418b414b06a79d448ded29754f756a20bb4586,
6_a17859.png,unknown_numeric_other,120,124,.png,30945,efaf2a17b046ddc367cad07769d2b175458af40f,6.png;6_a17859.png;6_a17859a0.png
6_a17859a0.png,unknown_numeric_other,120,124,.png,30945,efaf2a17b046ddc367cad07769d2b175458af40f,6.png;6_a17859.png;6_a17859a0.png
7.gif,animated_gif,50,50,.gif,2043,f12d247753156e130362e449877acea9a26f387d,7.gif;7_8092ec.gif;7_8092ec5e.gif
7.png,unknown_numeric_other,33,36,.png,1669,c12db40f9a1fc7c525f5b6e89b675899819a3dee,7.png;7_ed16de.png;7_ed16ded7.png
717.png,items_60x60_numeric,60,60,.png,6304,06290826e33d073727bfc8b587196db6a0764f1b,
73.png,items_60x60_numeric,60,60,.png,11113,a1161d26441aa36ecb51a5cc16c2997aa33593a1,
733.png,items_60x60_numeric,60,60,.png,6383,6b51fca00ece7ae77e69192080703f001b406acc,
74.png,items_60x60_numeric,60,60,.png,11747,58a0efb2d87a1f9639ea04bc1b0f7aafdcb13472,
740.png,items_60x60_numeric,60,60,.png,4459,058a01e5724f937599e84122e259212cb59582fb,
741.png,items_60x60_numeric,60,60,.png,8437,664fec49911281f478080368c4a974b517dc7cca,
75.png,items_60x60_numeric,60,60,.png,11420,e6edf928469e364acaad640f0d56c3a7725607a7,
750.png,items_60x60_numeric,60,60,.png,6699,488f437e0e59a8f497c53b6e1340f8c0f23f78b8,
76.png,items_60x60_numeric,60,60,.png,10931,365608b5b2f8fdcfc683296aaa0fa448afe1bcfe,
77.png,items_60x60_numeric,60,60,.png,11302,138c565520191550289af17f992231deefe763f7,
78.png,items_60x60_numeric,60,60,.png,10936,aed9c8ad384763f570680ececf8dda6f1342663b,
781.png,items_60x60_numeric,60,60,.png,7447,d582a46351841c45545e6658ae255f638ffe114b,
782.png,items_60x60_numeric,60,60,.png,10689,46e80b1cdc1dcea5d769b7071bbbade51e763d35,
783.png,items_60x60_numeric,60,60,.png,5366,91cbb089e86e5c2519e666f6e056de2c8702cdec,
784.png,items_60x60_numeric,60,60,.png,6039,f5c3e7b83bff989b24acd76a8a724878c5744fa5,
785.png,items_60x60_numeric,60,60,.png,7717,2755dfa2747e76a5e3f723229b3e1e3ea6029c05,
786.png,items_60x60_numeric,60,60,.png,11515,c16432561d7353b2f38cc2226902f0d62a1c411b,
787.png,items_60x60_numeric,60,60,.png,8742,8aedebb05aceeacedfe8b58ac69aee746f0992db,
7878.png,unknown_numeric_other,1700,600,.png,1243953,c25d7983c143c1e4400b455bcb52c812e5444ebd,7878.png;7878_5535cd.png;7878_5535cda0.png
7878_5535cd.png,unknown_numeric_other,1700,600,.png,1243953,c25d7983c143c1e4400b455bcb52c812e5444ebd,7878.png;7878_5535cd.png;7878_5535cda0.png
7878_5535cda0.png,unknown_numeric_other,1700,600,.png,1243953,c25d7983c143c1e4400b455bcb52c812e5444ebd,7878.png;7878_5535cd.png;7878_5535cda0.png
788.png,items_60x60_numeric,60,60,.png,8170,a1997e9f890154b1f8d5dc74ae00451c9511b7f5,
792.png,items_60x60_numeric,60,60,.png,10702,7362a05327850314ca710b6918e3f79e8e0470e8,
793.png,items_60x60_numeric,60,60,.png,12436,b2fe05d9e250fe7cfa04b0791f4bea6c7f939073,
794.png,items_60x60_numeric,60,60,.png,3844,9db9a8383b8944df350c82d3f066434c498067b5,
795.png,items_60x60_numeric,60,60,.png,5375,71edcca68e044ad5b65f9632a5c7692d91649568,
796.png,items_60x60_numeric,60,60,.png,6795,d7b33477763bc589b0f793f6c6044e37e8ce6ec1,
798.png,items_60x60_numeric,60,60,.png,10702,055de3d575d15caca10200ed3521382d281b690c,
799.png,items_60x60_numeric,60,60,.png,10662,93a54201d65c7a1c6645239ee74a7b52f794c5c9,
7_8092ec.gif,animated_gif,50,50,.gif,2043,f12d247753156e130362e449877acea9a26f387d,7.gif;7_8092ec.gif;7_8092ec5e.gif
7_8092ec5e.gif,animated_gif,50,50,.gif,2043,f12d247753156e130362e449877acea9a26f387d,7.gif;7_8092ec.gif;7_8092ec5e.gif
7_c8803e.png,unknown_numeric_other,96,40,.png,4064,66c9780479e171a2cd4f4547dac9d7f1719afe94,
7_ed16de.png,unknown_numeric_other,33,36,.png,1669,c12db40f9a1fc7c525f5b6e89b675899819a3dee,7.png;7_ed16de.png;7_ed16ded7.png
7_ed16ded7.png,unknown_numeric_other,33,36,.png,1669,c12db40f9a1fc7c525f5b6e89b675899819a3dee,7.png;7_ed16de.png;7_ed16ded7.png
8.png,unknown_numeric_other,96,40,.png,3277,bb0fa8f7e6326d77cae6014360b71b8c08e5defb,
80.png,items_60x60_numeric,60,60,.png,9459,b7628a05da5ed889d234bec64d175d33b30be810,
802.png,items_60x60_numeric,60,60,.png,7197,3a491d48bd3c8a3401cc07d8eaf6e1a5618eaea9,
803.png,items_60x60_numeric,60,60,.png,8858,5224e6a08b4491d847d3af0604a341dcc893efb4,
804.png,items_60x60_numeric,60,60,.png,7541,8499b2df52c608ff664f575a7651ba4f7e4044f6,
805.png,items_60x60_numeric,60,60,.png,8333,d553b121d4e57e4af572ac8caa3bdd08dfc0e9b1,
806.png,items_60x60_numeric,60,60,.png,11423,8e8eb1dce55288025bedb7f8c46a206a327f14bc,
807.png,items_60x60_numeric,60,60,.png,9820,c91ecbaa6439575e43d1fd5994da0de735bd1577,
808.png,items_60x60_numeric,60,60,.png,10703,f74e391c9f9f9b98e8bee7be581a10393039a8d7,
809.png,items_60x60_numeric,60,60,.png,9302,da926c7ba815f9ddf64cdda20299a30acaa75a30,
81.png,items_60x60_numeric,60,60,.png,11046,f1c8430aea187e9104c38c0e5e0d55a10a32c554,
813.png,items_60x60_numeric,60,60,.png,4998,16f7e2e5e8db6bce33e07c5c7edc739611049130,
819.png,items_60x60_numeric,60,60,.png,6968,5633a7a6cd329be8117ae16e40e59fe607c35d8f,
82.png,items_60x60_numeric,60,60,.png,11667,b980a2ed41a5b807d854f3d3989c9c4dc560a11c,
839.png,items_60x60_numeric,60,60,.png,8359,0ef5279ea7c27beac4b8ba7ab5655649a57a8019,
841.png,items_60x60_numeric,60,60,.png,8824,8dc775e65fe422d7f27f3e8c4b487c4be3763b0d,
842.png,items_60x60_numeric,60,60,.png,8980,67f56c8ee236c63562d236cd778d317fbe8bfb70,
845.png,items_60x60_numeric,60,60,.png,11086,5ad54d0c5f20ede7ab82773898e3dcf9fb183b4c,
846.png,items_60x60_numeric,60,60,.png,9110,328440d75873701e003a2789229678a95bc94e26,
847.png,items_60x60_numeric,60,60,.png,10160,e99fae3ce9276b7a102838596fc0cf04eeaa416f,
848.png,items_60x60_numeric,60,60,.png,8917,afdaeeff6cf91649dedc1ea8fe5d14a94989a12a,
85.png,items_60x60_numeric,60,60,.png,10833,167c9ce878f906d29a075ec55d9725c786703284,
850.png,items_60x60_numeric,60,60,.png,3958,4c449c6581d9c6aad2db9db1ff883f23d5781eb4,
853.png,items_60x60_numeric,60,60,.png,8197,71288a642096e0e54907bc7e6d1a7732a4a59370,
854.png,items_60x60_numeric,60,60,.png,10624,1b9cae97953a54a92163eb4604b04aff34e1f780,
855.png,items_60x60_numeric,60,60,.png,8327,b8cf2b8d701d43217c2a28f4d02792de393935da,
856.png,items_60x60_numeric,60,60,.png,11465,6aa822142cae541ae1abbe53df835c7b468c937e,
86.png,items_60x60_numeric,60,60,.png,11429,092d16d99e5c1579e747a8f60a4fa57fcbbe3e34,
861.png,items_60x60_numeric,60,60,.png,9335,4845092b9b1e9e25bb1a27636f3a9d2550794921,
862.png,items_60x60_numeric,60,60,.png,10632,3bbc3f38a02e1932491c49a892e9c31bd24f3efd,
863.png,items_60x60_numeric,60,60,.png,7046,6527b642893271c2fec7fd770d291d26d9afa906,
87.png,items_60x60_numeric,60,60,.png,11455,5e87f33fb6ce83eba6a98a0c8258ebbd72262f24,
871.png,items_60x60_numeric,60,60,.png,9956,0e302ed0fac628c0c121821eecf4c137c73b59fd,
88.png,items_60x60_numeric,60,60,.png,10006,df5792a40a84f61ab96b1b1a5ffc6e65c3de43ca,
887.png,items_60x60_numeric,60,60,.png,10235,264a505133fd6005582208244f0eb18411c1fed1,
888.png,items_60x60_numeric,60,60,.png,9854,ce0b8be646da52acddb3b74e3d4db278e10b64cd,
89.png,items_60x60_numeric,60,60,.png,11098,f9c10e388989b4726738398806f1c61e55388410,
9.png,unknown_numeric_other,96,40,.png,3744,49e98a8f4492cf209ae338b039dacf1ebdfcafdb,
90.png,items_60x60_numeric,60,60,.png,11125,01e726ac5778c5a868a487ba0ec9f840a770ae30,
902f722f.webp,webp_misc,50,50,.webp,1238,794e3f477fa067a1b01fa9bfc3f4ed540a4852c9,
91.png,items_60x60_numeric,60,60,.png,11279,8526cd1b1d9eb570ae12c0ee05e13f5a7a881c51,
92.png,items_60x60_numeric,60,60,.png,12444,0898c56f9ee998d809d49a12ce71c1b4d3ca7acb,
929.png,items_60x60_numeric,60,60,.png,9805,558543994cec5a24dafec4403c907479fa497fcb,
93.png,items_60x60_numeric,60,60,.png,9129,039793c10059a3ef0ec7d00652105844cab219f3,
930.png,items_60x60_numeric,60,60,.png,9226,c93d9075daa9ad58890a439a2d340c0d5e7e1ff3,
934.png,items_60x60_numeric,60,60,.png,9129,ce3d6176a45e706ea2ea5434b541ec4d02002d18,
938.png,items_60x60_numeric,60,60,.png,8225,eed5dd21f7f5fca701b8b3551ddee9e1e45a3741,
947.png,items_60x60_numeric,60,60,.png,12781,8a42cae23bdc77990bf73125a8c305feb446945f,
953.png,items_60x60_numeric,60,60,.png,9461,bc6079f8f2941a78f681cbc845041881b75907a1,
954.png,items_60x60_numeric,60,60,.png,9425,8c59f599af259a776b32853030c4b291618e4f4f,
955.png,items_60x60_numeric,60,60,.png,7077,0292157341eed50b0b50298c688fbe93e4d1e81f,
956.png,items_60x60_numeric,60,60,.png,11743,cc2ae8a73b245eb9e6a5e13fd7c80b39fadf2da1,
987.png,items_60x60_numeric,60,60,.png,12105,f383d5ecce7513faf710eed77b219abe501b930c,
995.png,items_60x60_numeric,60,60,.png,12214,f55be1ba0073426fef266cc499ba082f9dbd939e,
advert.gif,animated_gif,1,1,.gif,43,ea7df583983133b62712b5e73bffbcd45cc53736,advert.gif;advert_18d126.gif;advert_18d1261a.gif
advert_18d126.gif,animated_gif,1,1,.gif,43,ea7df583983133b62712b5e73bffbcd45cc53736,advert.gif;advert_18d126.gif;advert_18d1261a.gif
advert_18d1261a.gif,animated_gif,1,1,.gif,43,ea7df583983133b62712b5e73bffbcd45cc53736,advert.gif;advert_18d126.gif;advert_18d1261a.gif
aerodactyl.png,pokemon_art_large_named,256,256,.png,37290,c3edbc356771d9cda67758db318529fe3aeeb2f2,
alomomola.png,pokemon_art_large_named,256,256,.png,23456,38880dcd0694bc9f0916be8fab4bf8940a5255f0,
articuno.png,pokemon_art_large_named,256,256,.png,34519,4bd37f8fffa38913d78a2f4785fe4705e5731dfc,
assault.png,ui_general,80,40,.png,3772,5ece91587798a10a31e69a4cc02b5c0ece26823c,assault.png;assault_77c9e6.png;assault_77c9e675.png
assault_77c9e6.png,ui_general,80,40,.png,3772,5ece91587798a10a31e69a4cc02b5c0ece26823c,assault.png;assault_77c9e6.png;assault_77c9e675.png
assault_77c9e675.png,ui_general,80,40,.png,3772,5ece91587798a10a31e69a4cc02b5c0ece26823c,assault.png;assault_77c9e6.png;assault_77c9e675.png
bagon.png,pokemon_art_large_named,256,256,.png,24624,ba3234134be2ffba9b6c86fa161ca51a0e095fd6,
bar-gr1.png,ui_general,9,60,.png,1039,4d2fd82991983ea3b5e1aaa68e6a8bed25e9d5fc,bar-gr1.png;bar-gr1_6e256c.png;bar-gr1_6e256cdf.png
bar-gr1_6e256c.png,ui_general,9,60,.png,1039,4d2fd82991983ea3b5e1aaa68e6a8bed25e9d5fc,bar-gr1.png;bar-gr1_6e256c.png;bar-gr1_6e256cdf.png
bar-gr1_6e256cdf.png,ui_general,9,60,.png,1039,4d2fd82991983ea3b5e1aaa68e6a8bed25e9d5fc,bar-gr1.png;bar-gr1_6e256c.png;bar-gr1_6e256cdf.png
bar-gr2.png,ui_general,4,53,.png,993,88214330371187a6444a8310b41f217505bd8f12,bar-gr2.png;bar-gr2_b4f617.png;bar-gr2_b4f61722.png
bar-gr2_b4f617.png,ui_general,4,53,.png,993,88214330371187a6444a8310b41f217505bd8f12,bar-gr2.png;bar-gr2_b4f617.png;bar-gr2_b4f61722.png
bar-gr2_b4f61722.png,ui_general,4,53,.png,993,88214330371187a6444a8310b41f217505bd8f12,bar-gr2.png;bar-gr2_b4f617.png;bar-gr2_b4f61722.png
bca3d3bd.webp,webp_misc,128,128,.webp,42112,2a3322b7cbc69e44ef33a9fb65d934993a0175bf,
bg.png,tiny_icons,1,22,.png,170,21b716f6762df6cc3b4c199cd3533786e5047a6e,bg.png;bg_586a2e.png;bg_586a2e97.png
bg_586a2e.png,tiny_icons,1,22,.png,170,21b716f6762df6cc3b4c199cd3533786e5047a6e,bg.png;bg_586a2e.png;bg_586a2e97.png
bg_586a2e97.png,tiny_icons,1,22,.png,170,21b716f6762df6cc3b4c199cd3533786e5047a6e,bg.png;bg_586a2e.png;bg_586a2e97.png
bg_efb948.png,backgrounds_banners,820,400,.png,257650,9324bdd7b77916807040b1c260f4ee932cca7aef,
button.png,ui_general,192,35,.png,1465,f68bb693a81d287871295b53f916b7c5909ee024,
c6a5769a.webp,webp_misc,128,105,.webp,43364,b3b32c610af3d24d8522443af39054278796462d,
capsakid.png,pokemon_art_large_named,256,256,.png,52067,3696cba73948f429ac02dd08a9428b3a3ee8f574,
closed.png,tiny_icons,23,17,.png,1192,820001573fed71b1d2fa5aa6f5605e6226a63b91,
cloud.png,backgrounds_banners,185,91,.png,4725,6ba397587f668e37220d4ceccd393473e423dabd,cloud.png;cloud_a58769.png;cloud_a5876993.png
cloud_a58769.png,backgrounds_banners,185,91,.png,4725,6ba397587f668e37220d4ceccd393473e423dabd,cloud.png;cloud_a58769.png;cloud_a5876993.png
cloud_a5876993.png,backgrounds_banners,185,91,.png,4725,6ba397587f668e37220d4ceccd393473e423dabd,cloud.png;cloud_a58769.png;cloud_a5876993.png
content2.jpg,backgrounds_banners,1900,1079,.jpg,138105,9af3d48dcebc7bec16be74beccb8ac577adc284b,content2.jpg;content2_9624ee.jpg;content2_9624ee5b.jpg
content2_9624ee.jpg,backgrounds_banners,1900,1079,.jpg,138105,9af3d48dcebc7bec16be74beccb8ac577adc284b,content2.jpg;content2_9624ee.jpg;content2_9624ee5b.jpg
content2_9624ee5b.jpg,backgrounds_banners,1900,1079,.jpg,138105,9af3d48dcebc7bec16be74beccb8ac577adc284b,content2.jpg;content2_9624ee.jpg;content2_9624ee5b.jpg
corphish.gif,animated_gif,64,55,.gif,28777,edbce4971b5dee4e6a20a3ac5fb41db5f5b8fc74,
corphish.png,pokemon_art_large_named,256,256,.png,29566,91721f76dd09d133a61e0816375983c2d8e3cba2,
cosmog.png,pokemon_art_large_named,256,256,.png,28640,63989651837414ccc423169055a4b0f17b7f723f,
dracovish.png,pokemon_art_large_named,256,256,.png,47604,af65e12b8457bc6fed62d86743eadd9c63eb4a86,
drampa.png,pokemon_art_large_named,256,256,.png,24759,f4c2a5d04f4b4cee28fa3d2393f3cefbad78e9e7,
dratini.png,pokemon_art_large_named,256,256,.png,23128,e1ab9dbac717f4c52bf32e12a6b72f98a1a9b4e3,
dreepy.png,pokemon_art_large_named,256,256,.png,37995,83490acf113a87843b4bae02f7bc7bbc0d173dd8,
drilbur.gif,animated_gif,83,49,.gif,36520,a388a32ce673eebd65a70a3b3b74dc54a4e3ef79,
drilbur.png,pokemon_art_large_named,256,256,.png,19587,375f7f2d2477030cb8765f93a5b24d8019499992,
dsnge.png,ui_general,80,40,.png,3795,6a585635c35fec008f71009de6b122cda3bb2f36,dsnge.png;dsnge_b2a931.png;dsnge_b2a93187.png
dsnge_b2a931.png,ui_general,80,40,.png,3795,6a585635c35fec008f71009de6b122cda3bb2f36,dsnge.png;dsnge_b2a931.png;dsnge_b2a93187.png
dsnge_b2a93187.png,ui_general,80,40,.png,3795,6a585635c35fec008f71009de6b122cda3bb2f36,dsnge.png;dsnge_b2a931.png;dsnge_b2a93187.png
ea2d2a91.webp,webp_misc,128,128,.webp,74660,707f7486a443fd8f9a57cf9e67c11924bd480bf7,
edb0b1c3.webp,webp_misc,112,112,.webp,215806,7ab5716d5967952cc642166ab765503801e4b3be,
eevee.png,pokemon_art_large_named,256,256,.png,23183,1209ecf2559999a5682ba0d8447c9aaf7037c193,eevee.png;eeveestarter.png
eeveestarter.png,pokemon_art_large_named,256,256,.png,23183,1209ecf2559999a5682ba0d8447c9aaf7037c193,eevee.png;eeveestarter.png
eternatus.png,pokemon_art_large_named,256,256,.png,51181,8ef0c5481e3d43839656f646787f0573392b4f6e,
f193b807.webp,webp_misc,96,96,.webp,12136,2b1a28a1cff0da3c9e6499b1ef9d49d63a0b9e1e,
falinks.gif,animated_gif,81,49,.gif,58957,a06a9dd955b875d546c64b9dd87d141fd2374341,
falinks.png,pokemon_art_large_named,256,256,.png,50482,6f183194cb840aacc3d0eb6d8b2f130c6df4126d,
favicon-32x32.png,tiny_icons,32,32,.png,2030,06cebcf9cb2fd4cdc48ee6a1bafd8e7b780130c4,favicon-32x32.png;favicon-32x32_0f3552.png;favicon-32x32_0f3552ba.png
favicon-32x32_0f3552.png,tiny_icons,32,32,.png,2030,06cebcf9cb2fd4cdc48ee6a1bafd8e7b780130c4,favicon-32x32.png;favicon-32x32_0f3552.png;favicon-32x32_0f3552ba.png
favicon-32x32_0f3552ba.png,tiny_icons,32,32,.png,2030,06cebcf9cb2fd4cdc48ee6a1bafd8e7b780130c4,favicon-32x32.png;favicon-32x32_0f3552.png;favicon-32x32_0f3552ba.png
fDel.png,chat_ui_buttons,21,42,.png,1839,649b4664a2356eb8f814d332655a32ea08fbb9c3,fDel.png;fDel_a241fb.png;fDel_a241fb42.png
fDel_a241fb.png,chat_ui_buttons,21,42,.png,1839,649b4664a2356eb8f814d332655a32ea08fbb9c3,fDel.png;fDel_a241fb.png;fDel_a241fb42.png
fDel_a241fb42.png,chat_ui_buttons,21,42,.png,1839,649b4664a2356eb8f814d332655a32ea08fbb9c3,fDel.png;fDel_a241fb.png;fDel_a241fb42.png
ferroseed.png,pokemon_art_large_named,256,256,.png,24722,86debd9cbda06ccf28f19ad04d8485de2ae4db64,
fields.png,ui_general,72,16,.png,6372,0f723534eddd4768792f9cbd7ef8a567335b435a,
finizen.png,pokemon_art_large_named,256,256,.png,56925,158ffd9de7811934dc3244c6cf207a6f9220d880,
fire.png,ui_general,60,60,.png,11660,926a6bf8bbc7b171d5ee5b1b7375af651a8eb396,
footer.png,backgrounds_banners,652,268,.png,149953,1d77228a0a5be93a07f63920ba0a4d7d9bbe66d6,footer.png;footer_a19765.png;footer_a19765cc.png
footer_a19765.png,backgrounds_banners,652,268,.png,149953,1d77228a0a5be93a07f63920ba0a4d7d9bbe66d6,footer.png;footer_a19765.png;footer_a19765cc.png
footer_a19765cc.png,backgrounds_banners,652,268,.png,149953,1d77228a0a5be93a07f63920ba0a4d7d9bbe66d6,footer.png;footer_a19765.png;footer_a19765cc.png
fSend.png,chat_ui_buttons,21,42,.png,890,78f6db5be6b528276de201c90e4e28d8016ea918,fSend.png;fSend_306e5b.png;fSend_306e5be3.png
fSend_306e5b.png,chat_ui_buttons,21,42,.png,890,78f6db5be6b528276de201c90e4e28d8016ea918,fSend.png;fSend_306e5b.png;fSend_306e5be3.png
fSend_306e5be3.png,chat_ui_buttons,21,42,.png,890,78f6db5be6b528276de201c90e4e28d8016ea918,fSend.png;fSend_306e5b.png;fSend_306e5be3.png
fSmile.png,chat_ui_buttons,21,42,.png,2212,ac65edc6279118f26f2a6709211347b23194c6a3,fSmile.png;fSmile_6ff8c1.png;fSmile_6ff8c145.png
fSmile_6ff8c1.png,chat_ui_buttons,21,42,.png,2212,ac65edc6279118f26f2a6709211347b23194c6a3,fSmile.png;fSmile_6ff8c1.png;fSmile_6ff8c145.png
fSmile_6ff8c145.png,chat_ui_buttons,21,42,.png,2212,ac65edc6279118f26f2a6709211347b23194c6a3,fSmile.png;fSmile_6ff8c1.png;fSmile_6ff8c145.png
gible.png,pokemon_art_large_named,256,256,.png,28881,4b5fd4e1b5bf687f2381f373390ab517722daf19,
gligar.png,pokemon_art_large_named,256,256,.png,26419,8688425c0d2af1966e64b3dc4a3aea98050ef7c0,
gr.png,tiny_icons,3,30,.png,222,6021d6fe19a0e1c79780dc50efbc0a0730f3b60d,
gr2.png,tiny_icons,4,24,.png,125,7b6ab2fdcf3aa3e7f726124bb669cdb210285a60,gr2.png;gr2_5ca14a.png;gr2_5ca14a90.png
gr2_5ca14a.png,tiny_icons,4,24,.png,125,7b6ab2fdcf3aa3e7f726124bb669cdb210285a60,gr2.png;gr2_5ca14a.png;gr2_5ca14a90.png
gr2_5ca14a90.png,tiny_icons,4,24,.png,125,7b6ab2fdcf3aa3e7f726124bb669cdb210285a60,gr2.png;gr2_5ca14a.png;gr2_5ca14a90.png
gr3.png,tiny_icons,4,30,.png,125,5a87c2f2b130aaa10c5e55e58390efaef4917442,gr3.png;gr3_15a4f8.png;gr3_15a4f8b0.png
gr3_15a4f8.png,tiny_icons,4,30,.png,125,5a87c2f2b130aaa10c5e55e58390efaef4917442,gr3.png;gr3_15a4f8.png;gr3_15a4f8b0.png
gr3_15a4f8b0.png,tiny_icons,4,30,.png,125,5a87c2f2b130aaa10c5e55e58390efaef4917442,gr3.png;gr3_15a4f8.png;gr3_15a4f8b0.png
gr5.png,ui_general,15,58,.png,15461,4987bfdf18f2372819cade12de475b6daca0937c,gr5.png;gr5_dc910e.png;gr5_dc910ea8.png
gr5_dc910e.png,ui_general,15,58,.png,15461,4987bfdf18f2372819cade12de475b6daca0937c,gr5.png;gr5_dc910e.png;gr5_dc910ea8.png
gr5_dc910ea8.png,ui_general,15,58,.png,15461,4987bfdf18f2372819cade12de475b6daca0937c,gr5.png;gr5_dc910e.png;gr5_dc910ea8.png
hooh.png,pokemon_art_large_named,256,256,.png,35065,3df03eaf305d5deb7887e29a2a538df56f9c6a3f,
jangmoo.png,pokemon_art_large_named,256,256,.png,20376,550d4816696818a951c6c4515e66917832ccb9b0,
jirachi.png,pokemon_art_large_named,256,256,.png,25162,16474e19d67d56c578a82d5ef9cb4c142918b528,
keldeoresolute.png,pokemon_art_large_named,256,256,.png,29544,3e3e5044b4cece9c2573aa582365c40ea761145d,
kubfu.png,pokemon_art_large_named,256,256,.png,50756,4b8597637ed385dd1746482306b0a434f183d1e5,
larvitar.png,pokemon_art_large_named,256,256,.png,22588,9a99225327492bf874f69327a028c466117f7cd3,
larvitar_05ade1.png,pokemon_small_named,60,60,.png,2990,92402961acb3a9d7ca14ac41ca006bb5cb47704e,
loadgame.gif,animated_gif,255,135,.gif,492439,813ca6402836e7b12da69aa0cfd5917553400df0,loadgame.gif;loadgame_73f0af.gif;loadgame_73f0afb3.gif
loadgame_73f0af.gif,animated_gif,255,135,.gif,492439,813ca6402836e7b12da69aa0cfd5917553400df0,loadgame.gif;loadgame_73f0af.gif;loadgame_73f0afb3.gif
loadgame_73f0afb3.gif,animated_gif,255,135,.gif,492439,813ca6402836e7b12da69aa0cfd5917553400df0,loadgame.gif;loadgame_73f0af.gif;loadgame_73f0afb3.gif
loadtitle.png,backgrounds_banners,300,150,.png,7276,710c24ce6c1206a0b885861454d533fb4712137f,loadtitle.png;loadtitle_ea4eea.png;loadtitle_ea4eeac7.png
loadtitle_ea4eea.png,backgrounds_banners,300,150,.png,7276,710c24ce6c1206a0b885861454d533fb4712137f,loadtitle.png;loadtitle_ea4eea.png;loadtitle_ea4eeac7.png
loadtitle_ea4eeac7.png,backgrounds_banners,300,150,.png,7276,710c24ce6c1206a0b885861454d533fb4712137f,loadtitle.png;loadtitle_ea4eea.png;loadtitle_ea4eeac7.png
logo-new.png,backgrounds_banners,297,73,.png,27513,42b1608df673dd967551ca4f74048ee8a32ef26d,logo-new.png;logo-new_559847.png;logo-new_559847c0.png
logo-new_559847.png,backgrounds_banners,297,73,.png,27513,42b1608df673dd967551ca4f74048ee8a32ef26d,logo-new.png;logo-new_559847.png;logo-new_559847c0.png
logo-new_559847c0.png,backgrounds_banners,297,73,.png,27513,42b1608df673dd967551ca4f74048ee8a32ef26d,logo-new.png;logo-new_559847.png;logo-new_559847c0.png
lugia.png,pokemon_art_large_named,256,256,.png,23459,5e96b473ff1876ca1f8dddc7676f367c2528aa7b,
lvl.png,ui_general,86,84,.png,6073,5b43541f399355733d377b2499216fc26939e3db,
magearnaoriginal.png,pokemon_art_large_named,240,240,.png,69115,66bf41ca4f54a404002c70c3554f07c79932723f,
mankey.png,pokemon_art_large_named,256,256,.png,23663,61baf0aa271ec7cfb3b046d9e980f3b1f9d70a03,
mareanie.png,pokemon_art_large_named,256,256,.png,29971,d1ab8f59f7222262e35783ca9bd76cd13790c405,
online.png,ui_general,170,67,.png,4519,6d0b25d38ad49f1d3c3bb09efaa18361c1525f93,online.png;online_2140e0.png;online_2140e01d.png
online_2140e0.png,ui_general,170,67,.png,4519,6d0b25d38ad49f1d3c3bb09efaa18361c1525f93,online.png;online_2140e0.png;online_2140e01d.png
online_2140e01d.png,ui_general,170,67,.png,4519,6d0b25d38ad49f1d3c3bb09efaa18361c1525f93,online.png;online_2140e0.png;online_2140e01d.png
pikachustarter.png,pokemon_art_large_named,256,256,.png,19831,463d0c9f85f8ea9ef000cc6438be2990e35726e7,
quaxly.png,pokemon_small_named,60,60,.png,2926,339a4fcc38e29e8b4ff0de2206ecb6614772e589,
ragingbolt.png,pokemon_art_large_named,256,256,.png,64292,1c2294e0ed0761eb0bcb7fc637f1e5a95d7fac0f,
rayquaza.png,pokemon_art_large_named,256,256,.png,33117,88eb6562e482eddfdfe5d397ea9dadc3faefd6b2,
rayquaza_fa1908.png,pokemon_small_named,60,60,.png,3192,63654af1c9f51170f7e9921d3422467483727216,
reg.png,ui_general,361,68,.png,7011,88cf908722dc4a8f986b642bc088c5fca81bafbe,reg.png;reg_5e77c1.png;reg_5e77c1cb.png
reg_5e77c1.png,ui_general,361,68,.png,7011,88cf908722dc4a8f986b642bc088c5fca81bafbe,reg.png;reg_5e77c1.png;reg_5e77c1cb.png
reg_5e77c1cb.png,ui_general,361,68,.png,7011,88cf908722dc4a8f986b642bc088c5fca81bafbe,reg.png;reg_5e77c1.png;reg_5e77c1cb.png
regieleki.png,pokemon_art_large_named,256,256,.png,45245,af4c6ca08f733478386b34902212edc71e044584,
rolycoly.png,pokemon_art_large_named,256,256,.png,39337,e11b90f56f929285ea518733abbb80a2adf87a44,
sandyshocks.png,pokemon_art_large_named,256,256,.png,72621,b32eaa0161a79089f99c6692d8ac608e17ddab68,
sandyshocks_20afea.png,pokemon_small_named,60,60,.png,3010,74fa7829c736a870affde0b62d8cf2b9581a4692,
small-14.png,tiny_icons,12,12,.png,556,d5081bf001d8258beadb71bfa8f391aa702b773e,
sneaselhisui.png,pokemon_art_large_named,180,180,.png,31981,4ece766881322cf09befc15420e821f48e7b8493,
solosis.png,pokemon_art_large_named,256,256,.png,20181,c71dc0d18818e736a314a1b167dc29c990db2e56,
sprigatito.png,pokemon_small_named,60,60,.png,3212,ecada7748322f61c96b6c58e2df9177c5353ed41,
stakataka.png,pokemon_art_large_named,256,256,.png,53081,51c49d4b901fc7a3ef5686a0b3f69ca2d380d517,
stakataka_e8f171.png,pokemon_small_named,60,60,.png,3381,ff16d927ed6356a3244c94f767a9a4f13e39c0dc,
starly.png,pokemon_art_large_named,256,256,.png,20303,d84dcbe419087de9c25dfe1a8b7ef075a4d05984,
stufful.png,pokemon_art_large_named,256,256,.png,21652,b60630e99e2ee5a150f11f19354e69545a6305d4,
tadbulb.png,pokemon_art_large_named,256,256,.png,50779,0bc5f7a27811bb37972056cc1b8cfb9898ed1193,
talents6v.png,backgrounds_banners,1080,192,.png,195260,6d089a7083d0c90cc4259800eb0172a8934573b3,
tangela.png,pokemon_art_large_named,256,256,.png,32406,f1b116c717090579b8b021e4eb14f44558268da5,
tapulele.png,pokemon_art_large_named,256,256,.png,29271,115a847c8c71841c99045f8e34213fda5404c439,
teddiursa.png,pokemon_art_large_named,256,256,.png,27660,5da944422f9608d5bcae112908411cc0a203d58d,
tynamo.png,pokemon_art_large_named,256,256,.png,18022,fdc6b0c940296d6a45c75ba79dce124729cef1d7,
uClear.png,chat_ui_buttons,21,42,.png,1056,e1fbf4b598a7d361d07dd8c02cdead9b38e9b188,uClear.png;uClear_b8fdc8.png;uClear_b8fdc8ef.png
uClear_b8fdc8.png,chat_ui_buttons,21,42,.png,1056,e1fbf4b598a7d361d07dd8c02cdead9b38e9b188,uClear.png;uClear_b8fdc8.png;uClear_b8fdc8ef.png
uClear_b8fdc8ef.png,chat_ui_buttons,21,42,.png,1056,e1fbf4b598a7d361d07dd8c02cdead9b38e9b188,uClear.png;uClear_b8fdc8.png;uClear_b8fdc8ef.png
uico.png,tiny_icons,30,30,.png,1864,84456302bcee4f5b8fce452e09adb25f6381ba9d,uico.png;uico_74d8dd.png;uico_74d8ddae.png
uico_74d8dd.png,tiny_icons,30,30,.png,1864,84456302bcee4f5b8fce452e09adb25f6381ba9d,uico.png;uico_74d8dd.png;uico_74d8ddae.png
uico_74d8ddae.png,tiny_icons,30,30,.png,1864,84456302bcee4f5b8fce452e09adb25f6381ba9d,uico.png;uico_74d8dd.png;uico_74d8ddae.png
vip.png,tiny_icons,16,16,.png,773,838b73e2520c9555db39e46c090145856263784a,
volbeat.gif,animated_gif,68,74,.gif,27919,41874a2eea4bfa8170c2fbe2ca53d6a137074077,
volbeat.png,pokemon_art_large_named,256,256,.png,26382,e5fd728b191bf94296415c09277b2bf2cea17997,
volcanion.png,pokemon_art_large_named,256,256,.png,33256,84b515e58220ab57f0cf11239cf9c381f5babce2,
vullaby.png,pokemon_art_large_named,256,256,.png,26072,fcaf1a6daf74037576e08c174712d37684ef088c,
vulpix.png,pokemon_small_named,60,60,.png,2788,ecfdd63bd130b4b95a0a776f1f2acdf2af3680db,
weedle.png,pokemon_art_large_named,256,256,.png,21892,87bb96dc2a3186fca67c1c486f0556d56e2203c7,
whismur.png,pokemon_art_large_named,256,256,.png,21833,837605b31f7a5cf0aa973b1f7da303d606225da2,
wynaut.png,pokemon_art_large_named,256,256,.png,25334,1f337d54c0a233cfc93a0222a3d823f1cc90f724,
zacian.png,pokemon_art_large_named,256,256,.png,63038,751e64b9dcec7bcc3d851076defd70561bcde3ba,
zamazenta.png,pokemon_art_large_named,256,256,.png,61060,645e6bc687ecddbb6c543c9e5f78ae87b79f7c18,
zapdos.png,pokemon_art_large_named,256,256,.png,32607,34ddca86fe20dfcd86ffbc1a72df3d9286ed2e6c,
zoruahisui.png,pokemon_art_large_named,180,180,.png,38301,f960ceb745885c54ac138e9a87a8b37b7a080b3f,
